--PERSONA
insert into PERSONA(CF,NOME,COGNOME,DATA_DI_NASCITA,SESSO,VIA,CAP,CITTA,EMAIL) values('KTZCCT95R56C104F','CONCETTINA','KUTZ',to_date('16/10/1995','dd/mm/yyyy'),'F','BRAMANTE','10126','TORINO','ktzcct95r56c104f@mailstop.it');
insert into PERSONA(CF,NOME,COGNOME,DATA_DI_NASCITA,SESSO,VIA,CAP,CITTA,EMAIL) values('CHNDNL97D26A229Q','DANIELE','OCHNER',to_date('26/04/1997','dd/mm/yyyy'),'M','SAFFI','47923','RIMINI','chndnl97d26a229q@mailstop.it');
insert into PERSONA(CF,NOME,COGNOME,DATA_DI_NASCITA,SESSO,VIA,CAP,CITTA,EMAIL) values('ZCCLST44R21L975R','ALCESTE','ZACCONATI',to_date('21/10/1944','dd/mm/yyyy'),'M','SETTEMBRE','36043','VICENTINO','zcclst44r21l975r@mailstop.it');
insert into PERSONA(CF,NOME,COGNOME,DATA_DI_NASCITA,SESSO,VIA,CAP,CITTA,EMAIL) values('DRTRFO77B16D706B','ORFEO','DURAT',to_date('16/02/1977','dd/mm/yyyy'),'M','MANFREDI','71043','MANFREDONIA','drtrfo77b16d706b@mailstop.it');
insert into PERSONA(CF,NOME,COGNOME,DATA_DI_NASCITA,SESSO,VIA,CAP,CITTA,EMAIL) values('VPNGRG86H57H976X','GIORGIA','VIPIANA',to_date('17/06/1986','dd/mm/yyyy'),'F','CARSO','24126','BERGAMO','vpngrg86h57h976x@mailstop.it');
insert into PERSONA(CF,NOME,COGNOME,DATA_DI_NASCITA,SESSO,VIA,CAP,CITTA,EMAIL) values('PNCGPR84P28E510J','GASPARE','PINACCOLI',to_date('28/09/1984','dd/mm/yyyy'),'M','PROSPERO','10126','TORINO','pncgpr84p28e510j@mailstop.it');
insert into PERSONA(CF,NOME,COGNOME,DATA_DI_NASCITA,SESSO,VIA,CAP,CITTA,EMAIL) values('NNRVRN38E17L492D','VENERANDO','INNARELLA',to_date('17/05/1938','dd/mm/yyyy'),'M','SOLIANI','42041','BRESCELLO','nnrvrn38e17l492d@mailstop.it');
insert into PERSONA(CF,NOME,COGNOME,DATA_DI_NASCITA,SESSO,VIA,CAP,CITTA,EMAIL) values('PTRPGV72H14E754G','PIERGIOVANNI','PIETRALUNGA',to_date('14/06/1972','dd/mm/yyyy'),'M','MILANO','36073','VICENTINO','ptrpgv72h14e754g@mailstop.it');
insert into PERSONA(CF,NOME,COGNOME,DATA_DI_NASCITA,SESSO,VIA,CAP,CITTA,EMAIL) values('CGNMXA55P30B611G','MAX','CIGNINI',to_date('30/09/1955','dd/mm/yyyy'),'M','GIUSEPPE','06132','PERUGIA','cgnmxa55p30b611g@mailstop.it');
insert into PERSONA(CF,NOME,COGNOME,DATA_DI_NASCITA,SESSO,VIA,CAP,CITTA,EMAIL) values('SSCMSO64M05E402L','MOSE','SISCO',to_date('05/08/1964','dd/mm/yyyy'),'M','ALPINI','38121','TRENTO','sscmso64m05e402l@mailstop.it');
insert into PERSONA(CF,NOME,COGNOME,DATA_DI_NASCITA,SESSO,VIA,CAP,CITTA,EMAIL) values('KKNRZO48S13A690S','ORAZIO','KUKANIA',to_date('13/11/1948','dd/mm/yyyy'),'M','LIMA','16043','CHIAVARI','kknrzo48s13a690s@mailstop.it');
insert into PERSONA(CF,NOME,COGNOME,DATA_DI_NASCITA,SESSO,VIA,CAP,CITTA,EMAIL) values('MRBTTL31P07I903N','ATTILA','MARBASCI',to_date('07/09/1931','dd/mm/yyyy'),'M','CECCARELLO','35010','COLLE','mrbttl31p07i903n@mailstop.it');
insert into PERSONA(CF,NOME,COGNOME,DATA_DI_NASCITA,SESSO,VIA,CAP,CITTA,EMAIL) values('SMBVCN92C05H565N','VINCENZO','SAMBUCARI',to_date('05/03/1992','dd/mm/yyyy'),'M','STURZO','41039','POSSIDONIO','smbvcn92c05h565n@mailstop.it');
insert into PERSONA(CF,NOME,COGNOME,DATA_DI_NASCITA,SESSO,VIA,CAP,CITTA,EMAIL) values('BTNLDN67R11L905Q','ALADINO','BOTONDINI',to_date('11/10/1967','dd/mm/yyyy'),'M','BALDO','38063','AVIO','btnldn67r11l905q@mailstop.it');
insert into PERSONA(CF,NOME,COGNOME,DATA_DI_NASCITA,SESSO,VIA,CAP,CITTA,EMAIL) values('BRBMCL32E42B298C','MARCELLA','ABARIBBI',to_date('02/05/1932','dd/mm/yyyy'),'F','ROSA','10036','TORINESE','brbmcl32e42b298c@mailstop.it');
insert into PERSONA(CF,NOME,COGNOME,DATA_DI_NASCITA,SESSO,VIA,CAP,CITTA,EMAIL) values('BTTGTN72H03D062U','GAETANO','BOTTICHIO',to_date('03/06/1972','dd/mm/yyyy'),'M','BUOZZI','50013','BISENZIO','bttgtn72h03d062u@mailstop.it');
insert into PERSONA(CF,NOME,COGNOME,DATA_DI_NASCITA,SESSO,VIA,CAP,CITTA,EMAIL) values('LJRNCI44E02A633V','NICO','LOJERO',to_date('02/05/1944','dd/mm/yyyy'),'M','CALDARA','00049','VELLETRI','ljrnci44e02a633v@mailstop.it');
insert into PERSONA(CF,NOME,COGNOME,DATA_DI_NASCITA,SESSO,VIA,CAP,CITTA,EMAIL) values('BSRCLL98P48F843D','CAMILLA','BOSERMAN',to_date('08/09/1998','dd/mm/yyyy'),'F','DALIE','41126','MODENA','bsrcll98p48f843d@mailstop.it');
insert into PERSONA(CF,NOME,COGNOME,DATA_DI_NASCITA,SESSO,VIA,CAP,CITTA,EMAIL) values('SCPMLN00T66E609S','MELANIA','SCAPAGNINI',to_date('26/12/2000','dd/mm/yyyy'),'F','FOSCOLO','21100','VARESE','scpmln00t66e609s@mailstop.it');
insert into PERSONA(CF,NOME,COGNOME,DATA_DI_NASCITA,SESSO,VIA,CAP,CITTA,EMAIL) values('BLCSBN38T10A960C','SABINO','BALICCO',to_date('10/12/1938','dd/mm/yyyy'),'M','ROSA','10036','TORINESE','blcsbn38t10a960c@mailstop.it');
insert into PERSONA(CF,NOME,COGNOME,DATA_DI_NASCITA,SESSO,VIA,CAP,CITTA,EMAIL) values('JL394430080B851X','VITTORIA','GENOVESI',to_date('1/01/1936','dd/mm/yyyy'),'F','PRATIGLIONE','10080','TORINO','vittoriagenovesina55@mailstop.it');
insert into PERSONA(CF,NOME,COGNOME,DATA_DI_NASCITA,SESSO,VIA,CAP,CITTA,EMAIL) values('LO400019391Z741M','GIUDITTA','MAZZANTI',to_date('25/04/1942','dd/mm/yyyy'),'F','FILETTA','84090','SALERNO','giudicemazzinga89@mailstop.it');
insert into PERSONA(CF,NOME,COGNOME,DATA_DI_NASCITA,SESSO,VIA,CAP,CITTA,EMAIL) values('HO028898987V652N','LIVIO','PALERMO',to_date('16/12/1992','dd/mm/yyyy'),'M','MURELLO','12030','CUNEO','palermobestsquad@mailstop.it');
insert into PERSONA(CF,NOME,COGNOME,DATA_DI_NASCITA,SESSO,VIA,CAP,CITTA,EMAIL) values('NM800701512A136B','EMIDIO','TOSCANO',to_date('30/06/1977','dd/mm/yyyy'),'M','TERENTOLA','52040','AREZZO','emiliatoscana@mailstop.it');
insert into PERSONA(CF,NOME,COGNOME,DATA_DI_NASCITA,SESSO,VIA,CAP,CITTA,EMAIL) values('VQ899969344D258A','ANDREA','COCCI',to_date('23/06/1966','dd/mm/yyyy'),'M','PIOVEZZANO','37010','VARESE','coccobello@mailstop.it');
insert into PERSONA(CF,NOME,COGNOME,DATA_DI_NASCITA,SESSO,VIA,CAP,CITTA,EMAIL) values('ZP999976417C369N','INDRO','GREECE',to_date('7/09/1949','dd/mm/yyyy'),'M','LE_CROCI','50041','FIRENZE','greecebestfilm@mailstop.it');
insert into PERSONA(CF,NOME,COGNOME,DATA_DI_NASCITA,SESSO,VIA,CAP,CITTA,EMAIL) values('QT287077814X578M','RICCARDO','MILANO',to_date('21/11/1994','dd/mm/yyyy'),'M','ASPARETTO','37050','VARESE','kakamilan@mailstop.it');
insert into PERSONA(CF,NOME,COGNOME,DATA_DI_NASCITA,SESSO,VIA,CAP,CITTA,EMAIL) values('FG993352207S582F','GIULIANA','TREVISANI',to_date('31/03/1991','dd/mm/yyyy'),'F','LUGNANO','05020','TREVISO','blallo25@mailstop.it');
insert into PERSONA(CF,NOME,COGNOME,DATA_DI_NASCITA,SESSO,VIA,CAP,CITTA,EMAIL) values('PC131398250A139R','CALIMERO','PAGNOTTO',to_date('8/09/1970','dd/mm/yyyy'),'M','TERRAPADEDDA','08020','NUORO','nuora78@mailstop.it');
insert into PERSONA(CF,NOME,COGNOME,DATA_DI_NASCITA,SESSO,VIA,CAP,CITTA,EMAIL) values('LO872700175M184P','FEDRO','MANNA',to_date('21/10/1977','dd/mm/yyyy'),'M','BUSTO_ARSIZIO','21052','VARESE','mannaia41@mailstop.it');
insert into PERSONA(CF,NOME,COGNOME,DATA_DI_NASCITA,SESSO,VIA,CAP,CITTA,EMAIL) values('LX186927000N469M','SILVANO','ENDRIZZI',to_date('14/06/1986','dd/mm/yyyy'),'M','ROCCAVALDINA','98040','MELITO','indirizzamento55@mailstop.it');
insert into PERSONA(CF,NOME,COGNOME,DATA_DI_NASCITA,SESSO,VIA,CAP,CITTA,EMAIL) values('AA117939950A159X','EDVIGE','NUCCI',to_date('19/10/1939','dd/mm/yyyy'),'F','SERRAVALLE_DI_NORCIA','06040','PERUGIA','noce369@mailstop.it');
insert into PERSONA(CF,NOME,COGNOME,DATA_DI_NASCITA,SESSO,VIA,CAP,CITTA,EMAIL) values('GX104229782F258A','URIELE','PAGNOTTO',to_date('7/12/1934','dd/mm/yyyy'),'M','GUIA','31040','TREVISO','panettone25@mailstop.it');
insert into PERSONA(CF,NOME,COGNOME,DATA_DI_NASCITA,SESSO,VIA,CAP,CITTA,EMAIL) values('ZE721334382S167V','BENITO','PISANI',to_date('7/08/1960','dd/mm/yyyy'),'M','FRANCAVILLA_FONTANA','72021','BRESCIA','naruhoto136@mailstop.it');
insert into PERSONA(CF,NOME,COGNOME,DATA_DI_NASCITA,SESSO,VIA,CAP,CITTA,EMAIL) values('TG2150629623698S','CONSUELO','GRECO',to_date('8/01/1956','dd/mm/yyyy'),'M','GABIANO','15020','ALESSANDRIA','telenovelaspagnolebeautiful50@mailstop.it');
insert into PERSONA(CF,NOME,COGNOME,DATA_DI_NASCITA,SESSO,VIA,CAP,CITTA,EMAIL) values('XC39340324R65B2Z','GIOACCHINA','LO DUCA',to_date('31/05/1997','dd/mm/yyyy'),'F','PIAVE','66030','CARPINETO','malaga2@mailstop.it');
insert into PERSONA(CF,NOME,COGNOME,DATA_DI_NASCITA,SESSO,VIA,CAP,CITTA,EMAIL) values('ZXZLOT22R12L864L','LIVIANO','CATTANEO',to_date('11/08/1999','dd/mm/yyyy'),'M','FRANCESCO','44030','SABBIONCELLO','emilianobologna@mailstop.it');
insert into PERSONA(CF,NOME,COGNOME,DATA_DI_NASCITA,SESSO,VIA,CAP,CITTA,EMAIL) values('SNAVVAN87B15Z65M','AUGUSTO','BERGAMASCHI',to_date('14/01/1997','dd/mm/yyyy'),'M','GARIBALDI','04010','BORGO','agostobestmese@mailstop.it');
insert into PERSONA(CF,NOME,COGNOME,DATA_DI_NASCITA,SESSO,VIA,CAP,CITTA,EMAIL) values('RTX18781BAKA452U','MELANIA','GRECO',to_date('06/08/1993','dd/mm/yyyy'),'F','CATULLO','67000','ROCCA','melonichan@mailstop.it');
insert into PERSONA(CF,NOME,COGNOME,DATA_DI_NASCITA,SESSO,VIA,CAP,CITTA,EMAIL) values('PG0564712KAP123Z','ISIDORA','PADOVANO',to_date('29/05/1999','dd/mm/yyyy'),'F','COSTE','02033','MONTELEONE','padovanopalas@mailstop.it');
insert into PERSONA(CF,NOME,COGNOME,DATA_DI_NASCITA,SESSO,VIA,CAP,CITTA,EMAIL) values('DRSDLM066C25M82B','CATERINA','FERRARI',to_date('03/11/1958','dd/mm/yyyy'),'F','PANTENA','45030','MARZANA','boliderotto@mailstop.it');
insert into PERSONA(CF,NOME,COGNOME,DATA_DI_NASCITA,SESSO,VIA,CAP,CITTA,EMAIL) values('JTP36521192C742Z','GILDA','TRENTINO',to_date('26/01/1970','dd/mm/yyyy'),'F','GIGANTI','27050','RETORBITO','guildgirl@mailstop.it');
insert into PERSONA(CF,NOME,COGNOME,DATA_DI_NASCITA,SESSO,VIA,CAP,CITTA,EMAIL) values('ZIP8865423ZA35ZU','ALOISA','BARESI',to_date('01/04/1978','dd/mm/yyyy'),'F','TERESA','53014','MONTERONI','baresixmilan@mailstop.it');
insert into PERSONA(CF,NOME,COGNOME,DATA_DI_NASCITA,SESSO,VIA,CAP,CITTA,EMAIL) values('ZEB89GAMER89234Z','ALFIO','FEMORINI',to_date('13/09/1898','dd/mm/yyyy'),'M','ZEB','50989','BIBBIENA','liezzasgocciola@mailstop.it');
insert into PERSONA(CF,NOME,COGNOME,DATA_DI_NASCITA,SESSO,VIA,CAP,CITTA,EMAIL) values('PAC80MAN417C378Z','LUDOVICA','PANICUCCI',to_date('14/04/1977','dd/mm/yyyy'),'F','BRESCIANA','64000','CASTELLATO','panicuccibestdc@mailstop.it');
insert into PERSONA(CF,NOME,COGNOME,DATA_DI_NASCITA,SESSO,VIA,CAP,CITTA,EMAIL) values('MAN00112406BETAT','LODOVICA','MANFRINA',to_date('23/07/1959','dd/mm/yyyy'),'F','MIGNONIA','28010','NEBBIUNO','manfredifavactor@mailstop.it');
insert into PERSONA(CF,NOME,COGNOME,DATA_DI_NASCITA,SESSO,VIA,CAP,CITTA,EMAIL) values('SHIN081SHINESASY','PASQUALE','FERRANDINO',to_date('29/10/1999','dd/mm/yyyy'),'M','COLPO','58348','DELLO_SHINODI','shinobimaster@mailstop.it');
insert into PERSONA(CF,NOME,COGNOME,DATA_DI_NASCITA,SESSO,VIA,CAP,CITTA,EMAIL) values('GLEN28101112QUAG','CLEMENTINA','CREMONESI',to_date('06/01/1981','dd/mm/yyyy'),'F','MARCHETTI','31050','MIALE','clementinabestfruit@mailstop.it');
insert into PERSONA(CF,NOME,COGNOME,DATA_DI_NASCITA,SESSO,VIA,CAP,CITTA,EMAIL) values('FG882241106F597L','ADOLFO','ROMANI',to_date('11/01/1967','dd/mm/yyyy'),'M','CIECO','84090','MONTECORVINO','monteruino@mailstop.it');
insert into PERSONA(CF,NOME,COGNOME,DATA_DI_NASCITA,SESSO,VIA,CAP,CITTA,EMAIL) values('L0L1C0NL0V3R469Z','ANGELO','POLIZIO',to_date('25/11/1999','dd/mm/yyyy'),'M','CASORIA','80090','NAPOLI','loliconlover69@mailstop.it');
insert into PERSONA(CF,NOME,COGNOME,DATA_DI_NASCITA,SESSO,VIA,CAP,CITTA,EMAIL) values('HGJ200300MNR462P','PROTASIO','FIORENTINO',to_date('07/12/2000','dd/mm/yyyy'),'M','CONCORDIA','40030','TALIGNANO','florencemeat55@mailstop.it');
insert into PERSONA(CF,NOME,COGNOME,DATA_DI_NASCITA,SESSO,VIA,CAP,CITTA,EMAIL) values('QGIS800900313PRE','SERAFINO','BELLUCCI',to_date('25/10/2000','dd/mm/yyyy'),'M','DEL MASCHERONE','09123','CAGLIARI','isaacserafino@mailstop.it');
insert into PERSONA(CF,NOME,COGNOME,DATA_DI_NASCITA,SESSO,VIA,CAP,CITTA,EMAIL) values('ZIB3311N00894BST','OLIVIA','GRECO',to_date('07/05/1954','dd/mm/yyyy'),'F','ACCRONE','15030','RONCAGLIA','facundoroncaglia2@mailstop.it');
insert into PERSONA(CF,NOME,COGNOME,DATA_DI_NASCITA,SESSO,VIA,CAP,CITTA,EMAIL) values('N3K0G1R1S0045CAT','BERENICE','LETTIERE',to_date('06/06/1966','dd/mm/yyyy'),'F','ALFREDO','26010','CASTELLO','nekogirls5@mailstop.it');
insert into PERSONA(CF,NOME,COGNOME,DATA_DI_NASCITA,SESSO,VIA,CAP,CITTA,EMAIL) values('JDIFNODFJ65654DF','GUIDO','UDINESE',to_date('10/07/1995','dd/mm/yyyy'),'M','PROVOLO','05027','MONTORO','udinesewbrema@mailstop.it');
insert into PERSONA(CF,NOME,COGNOME,DATA_DI_NASCITA,SESSO,VIA,CAP,CITTA,EMAIL) values('SDVJNV26SDV261VA','BARTOLOMEU','PINTO',to_date('13/04/1970','dd/mm/yyyy'),'M','VIVINALE','09010','DECIMOPUTZU','barcelonamessi10@mailstop.it');
insert into PERSONA(CF,NOME,COGNOME,DATA_DI_NASCITA,SESSO,VIA,CAP,CITTA,EMAIL) values('SDVSDVSDV2516SDC','DIONISIA','PADOVESI',to_date('28/02/1944','dd/mm/yyyy'),'F','VIA GENOVA','90128','PALERMO','dionisiobestgg@mailstop.it');
insert into PERSONA(CF,NOME,COGNOME,DATA_DI_NASCITA,SESSO,VIA,CAP,CITTA,EMAIL) values('SFJVNDF515LV548Z','IGNAZIO','MANCINI',to_date('19/02/1951','dd/mm/yyyy'),'M','COSTANTINOPOLI','46037','RONCOFERRARO','ctitaliafin@mailstop.it');
insert into PERSONA(CF,NOME,COGNOME,DATA_DI_NASCITA,SESSO,VIA,CAP,CITTA,EMAIL) values('SCVSDC15SDV5VSDV','DIEGO','FALLACCI',to_date('08/07/1948','dd/mm/yyyy'),'M','CALCIRELLI','91010','CUSTONACI','diego10god@mailstop.it');
insert into PERSONA(CF,NOME,COGNOME,DATA_DI_NASCITA,SESSO,VIA,CAP,CITTA,EMAIL) values('NXJ558525SCS864Z','DIAMANTE','FANNUCCI',to_date('20/11/1957','dd/mm/yyyy'),'M','LUCIA','06035','CATTANEO','diamantimonreal@mailstop.it');
insert into PERSONA(CF,NOME,COGNOME,DATA_DI_NASCITA,SESSO,VIA,CAP,CITTA,EMAIL) values('AS6V262VDCCVX2XC','MARK','CALTALGIRONE',to_date('07/04/1950','dd/mm/yyyy'),'M','PIAVE','88060','ROMA','markbesthusbando@mailstop.it');
insert into PERSONA(CF,NOME,COGNOME,DATA_DI_NASCITA,SESSO,VIA,CAP,CITTA,EMAIL) values('KMCKMCMSV25S626S','TERZO','LUCIANO',to_date('16/08/1957','dd/mm/yyyy'),'M','CAVOUR','81035','FREDDA','terzoinall@mailstop.it');
insert into PERSONA(CF,NOME,COGNOME,DATA_DI_NASCITA,SESSO,VIA,CAP,CITTA,EMAIL) values('LMCL2654C2A5CSC3','IRLANDA','GIORDANO',to_date('01/04/1970','dd/mm/yyyy'),'M','SCALZI','57040','MOCHEICHE','drunkireland@mailstop.it');
insert into PERSONA(CF,NOME,COGNOME,DATA_DI_NASCITA,SESSO,VIA,CAP,CITTA,EMAIL) values('NSVKLWL25893DS12','ELEONORA','FIORENTINO',to_date('25/06/1943','dd/mm/yyyy'),'F','UMBERTO','50030','MONTECARELLI','eleonoraboy@mailstop.it');
insert into PERSONA(CF,NOME,COGNOME,DATA_DI_NASCITA,SESSO,VIA,CAP,CITTA,EMAIL) values('MAMVLS15963CSC1Z','PASQUALINA','LUCCIANO',to_date('07/12/1935','dd/mm/yyyy'),'F','NOLANA','22050','MISINTO','superpasqualone@mailstop.it');
insert into PERSONA(CF,NOME,COGNOME,DATA_DI_NASCITA,SESSO,VIA,CAP,CITTA,EMAIL) values('SCLMSLCSM613224Q','GRAZIELLA','MANNA',to_date('21/09/1947','dd/mm/yyyy'),'F','GILBERTI','10080','FRASSINETTO','nonsonograziosa@mailstop.it');
insert into PERSONA(CF,NOME,COGNOME,DATA_DI_NASCITA,SESSO,VIA,CAP,CITTA,EMAIL) values('JSVBFV515641VS2S','FIDENZIO','RIZZO',to_date('28/10/1956','dd/mm/yyyy'),'M','DONNALBINA','08030','AUSTIS','rizzoli123@mailstop.it');
insert into PERSONA(CF,NOME,COGNOME,DATA_DI_NASCITA,SESSO,VIA,CAP,CITTA,EMAIL) values('JKDFNF526526SDFV','CARMELA','ARCURI',to_date('12/12/1912','dd/mm/yyyy'),'F','LORETO','63010','PIETRANGELI','ancoraman@mailstop.it');
insert into PERSONA(CF,NOME,COGNOME,DATA_DI_NASCITA,SESSO,VIA,CAP,CITTA,EMAIL) values('JNVFJDF233223SCZ','AMBROGIO','GRECO',to_date('21/05/1955','dd/mm/yyyy'),'M','GARIBALDI','03030','COLFELICE','adagio23@mailstop.it');
insert into PERSONA(CF,NOME,COGNOME,DATA_DI_NASCITA,SESSO,VIA,CAP,CITTA,EMAIL) values('KJSDFKJDN32654SD','SETTIMO','LORI',to_date('10/11/1994','dd/mm/yyyy'),'M','MELISURGO','55032','PALLEROSO','lokibestgod@mailstop.it');
insert into PERSONA(CF,NOME,COGNOME,DATA_DI_NASCITA,SESSO,VIA,CAP,CITTA,EMAIL) values('JCBVJKDF263216CX','GIOVANNA','ZITO',to_date('11/06/1995','dd/mm/yyyy'),'F','NUOVI','80074','CASAMICCIOLA','giornogiovanna@mailstop.it');
insert into PERSONA(CF,NOME,COGNOME,DATA_DI_NASCITA,SESSO,VIA,CAP,CITTA,EMAIL) values('JNDBSCJKS26546CS','RAFFAELLO','TREVISANO',to_date('10/05/1992','dd/mm/yyyy'),'M','RUBIANI','84126','SALERNO','tartaruganinjasbarazzina@mailstop.it');
insert into PERSONA(CF,NOME,COGNOME,DATA_DI_NASCITA,SESSO,VIA,CAP,CITTA,EMAIL) values('KNKDVJNSD2658XC2','IOLANDA','NUCCI',to_date('22/12/1953','dd/mm/yyyy'),'F','PARTHENOPE','03012','ANAGNI','nocemoscata@mailstop.it');
insert into PERSONA(CF,NOME,COGNOME,DATA_DI_NASCITA,SESSO,VIA,CAP,CITTA,EMAIL) values('OQPIRO6541564SVD','ALBERTINO','PIAZZA',to_date('26/03/1990','dd/mm/yyyy'),'M','BERNARDINO','12073','CEVA','piazzattapiccola@mailstop.it');
insert into PERSONA(CF,NOME,COGNOME,DATA_DI_NASCITA,SESSO,VIA,CAP,CITTA,EMAIL) values('KKSNDFVJIF6555DB','AZZURRA','SICILIANO',to_date('02/01/1962','dd/mm/yyyy'),'F','CALLICRATIDE','11010','OYIACE','bestgymleader@mailstop.it');
--TELEFONIA
insert into TELEFONIA(TELEFONO,EMAIL_T) values('3578669521','ktzcct95r56c104f@mailstop.it');
insert into TELEFONIA(TELEFONO,EMAIL_T) values('8009003133','chndnl97d26a229q@mailstop.it');
insert into TELEFONIA(TELEFONO,EMAIL_T) values('1593570695','zcclst44r21l975r@mailstop.it');
insert into TELEFONIA(TELEFONO,EMAIL_T) values('2583491647','drtrfo77b16d706b@mailstop.it');
insert into TELEFONIA(TELEFONO,EMAIL_T) values('3164241975','vpngrg86h57h976x@mailstop.it');
insert into TELEFONIA(TELEFONO,EMAIL_T) values('1347219714','pncgpr84p28e510j@mailstop.it');
insert into TELEFONIA(TELEFONO,EMAIL_T) values('1986535848','nnrvrn38e17l492d@mailstop.it');
insert into TELEFONIA(TELEFONO,EMAIL_T) values('6154964165','ptrpgv72h14e754g@mailstop.it');
insert into TELEFONIA(TELEFONO,EMAIL_T) values('2154564654','cgnmxa55p30b611g@mailstop.it');
insert into TELEFONIA(TELEFONO,EMAIL_T) values('261567175','sscmso64m05e402l@mailstop.it');
insert into TELEFONIA(TELEFONO,EMAIL_T) values('614346546','kknrzo48s13a690s@mailstop.it');
insert into TELEFONIA(TELEFONO,EMAIL_T) values('316721689','mrbttl31p07i903n@mailstop.it');
insert into TELEFONIA(TELEFONO,EMAIL_T) values('546126319','smbvcn92c05h565n@mailstop.it');
insert into TELEFONIA(TELEFONO,EMAIL_T) values('356464698','btnldn67r11l905q@mailstop.it');
insert into TELEFONIA(TELEFONO,EMAIL_T) values('653216597','brbmcl32e42b298c@mailstop.it');
insert into TELEFONIA(TELEFONO,EMAIL_T) values('652359473','bttgtn72h03d062u@mailstop.it');
insert into TELEFONIA(TELEFONO,EMAIL_T) values('326478219','ljrnci44e02a633v@mailstop.it');
insert into TELEFONIA(TELEFONO,EMAIL_T) values('124379664','bsrcll98p48f843d@mailstop.it');
insert into TELEFONIA(TELEFONO,EMAIL_T) values('312679436','scpmln00t66e609s@mailstop.it');
insert into TELEFONIA(TELEFONO,EMAIL_T) values('556987562','blcsbn38t10a960c@mailstop.it');
insert into TELEFONIA(TELEFONO,EMAIL_T) values('369821778','vittoriagenovesina55@mailstop.it');
insert into TELEFONIA(TELEFONO,EMAIL_T) values('012468964','giudicemazzinga89@mailstop.it');
insert into TELEFONIA(TELEFONO,EMAIL_T) values('549762397','palermobestsquad@mailstop.it');
insert into TELEFONIA(TELEFONO,EMAIL_T) values('613589764','emiliatoscana@mailstop.it');
insert into TELEFONIA(TELEFONO,EMAIL_T) values('346797536','coccobello@mailstop.it');
insert into TELEFONIA(TELEFONO,EMAIL_T) values('565973164','greecebestfilm@mailstop.it');
insert into TELEFONIA(TELEFONO,EMAIL_T) values('364947912','kakamilan@mailstop.it');
insert into TELEFONIA(TELEFONO,EMAIL_T) values('367956126','blallo25@mailstop.it');
insert into TELEFONIA(TELEFONO,EMAIL_T) values('326165761','nuora78@mailstop.it');
insert into TELEFONIA(TELEFONO,EMAIL_T) values('658531489','mannaia41@mailstop.it');
insert into TELEFONIA(TELEFONO,EMAIL_T) values('659593979','indirizzamento55@mailstop.it');
insert into TELEFONIA(TELEFONO,EMAIL_T) values('259725649','noce369@mailstop.it');
insert into TELEFONIA(TELEFONO,EMAIL_T) values('497655843','panettone25@mailstop.it');
insert into TELEFONIA(TELEFONO,EMAIL_T) values('326597614','naruhoto136@mailstop.it');
insert into TELEFONIA(TELEFONO,EMAIL_T) values('321969489','telenovelaspagnolebeautiful50@mailstop.it');
insert into TELEFONIA(TELEFONO,EMAIL_T) values('136579164','malaga2@mailstop.it');
insert into TELEFONIA(TELEFONO,EMAIL_T) values('356947245','emilianobologna@mailstop.it');
insert into TELEFONIA(TELEFONO,EMAIL_T) values('216761769','agostobestmese@mailstop.it');
insert into TELEFONIA(TELEFONO,EMAIL_T) values('659716487','melonichan@mailstop.it');
insert into TELEFONIA(TELEFONO,EMAIL_T) values('484794137','padovanopalas@mailstop.it');
insert into TELEFONIA(TELEFONO,EMAIL_T) values('369827150','boliderotto@mailstop.it');
insert into TELEFONIA(TELEFONO,EMAIL_T) values('135794462','guildgirl@mailstop.it');
insert into TELEFONIA(TELEFONO,EMAIL_T) values('164897355','baresixmilan@mailstop.it');
insert into TELEFONIA(TELEFONO,EMAIL_T) values('167654734','liezzasgocciola@mailstop.it');
insert into TELEFONIA(TELEFONO,EMAIL_T) values('216495423','panicuccibestdc@mailstop.it');
insert into TELEFONIA(TELEFONO,EMAIL_T) values('975635947','manfredifavactor@mailstop.it');
insert into TELEFONIA(TELEFONO,EMAIL_T) values('648796164','shinobimaster@mailstop.it');
insert into TELEFONIA(TELEFONO,EMAIL_T) values('696348516','clementinabestfruit@mailstop.it');
insert into TELEFONIA(TELEFONO,EMAIL_T) values('616400365','monteruino@mailstop.it');
insert into TELEFONIA(TELEFONO,EMAIL_T) values('667349134','loliconlover69@mailstop.it');
insert into TELEFONIA(TELEFONO,EMAIL_T) values('461974512','florencemeat55@mailstop.it');
insert into TELEFONIA(TELEFONO,EMAIL_T) values('497132594','isaacserafino@mailstop.it');
insert into TELEFONIA(TELEFONO,EMAIL_T) values('245194549','facundoroncaglia2@mailstop.it');
insert into TELEFONIA(TELEFONO,EMAIL_T) values('215775151','nekogirls5@mailstop.it');
insert into TELEFONIA(TELEFONO,EMAIL_T) values('545846547','udinesewbrema@mailstop.it');
insert into TELEFONIA(TELEFONO,EMAIL_T) values('946314858','barcelonamessi10@mailstop.it');
insert into TELEFONIA(TELEFONO,EMAIL_T) values('316494988','dionisiobestgg@mailstop.it');
insert into TELEFONIA(TELEFONO,EMAIL_T) values('654961694','ctitaliafin@mailstop.it');
insert into TELEFONIA(TELEFONO,EMAIL_T) values('319876414','diego10god@mailstop.it');
insert into TELEFONIA(TELEFONO,EMAIL_T) values('649841514','diamantimonreal@mailstop.it');
insert into TELEFONIA(TELEFONO,EMAIL_T) values('669735646','markbesthusbando@mailstop.it');
insert into TELEFONIA(TELEFONO,EMAIL_T) values('159756318','terzoinall@mailstop.it');
insert into TELEFONIA(TELEFONO,EMAIL_T) values('399154531','drunkireland@mailstop.it');
insert into TELEFONIA(TELEFONO,EMAIL_T) values('987235974','eleonoraboy@mailstop.it');
insert into TELEFONIA(TELEFONO,EMAIL_T) values('136456314','superpasqualone@mailstop.it');
insert into TELEFONIA(TELEFONO,EMAIL_T) values('649485964','nonsonograziosa@mailstop.it');
insert into TELEFONIA(TELEFONO,EMAIL_T) values('126459439','rizzoli123@mailstop.it');
insert into TELEFONIA(TELEFONO,EMAIL_T) values('369852177','ancoraman@mailstop.it');
insert into TELEFONIA(TELEFONO,EMAIL_T) values('357529512','adagio23@mailstop.it');
insert into TELEFONIA(TELEFONO,EMAIL_T) values('250406080','lokibestgod@mailstop.it');
insert into TELEFONIA(TELEFONO,EMAIL_T) values('014736985','giornogiovanna@mailstop.it');
insert into TELEFONIA(TELEFONO,EMAIL_T) values('159378295','tartaruganinjasbarazzina@mailstop.it');
insert into TELEFONIA(TELEFONO,EMAIL_T) values('168067809','nocemoscata@mailstop.it');
insert into TELEFONIA(TELEFONO,EMAIL_T) values('364916381','piazzattapiccola@mailstop.it');
insert into TELEFONIA(TELEFONO,EMAIL_T) values('625003580','bestgymleader@mailstop.it');
--AZIENDA
insert into AZIENDA(NOME_AZIENDA,SERVIZI,FATTURATO,TELEFONO_AZIENDA) values('MCDONALD','RISTORAZIONE','21','0169155441');
insert into AZIENDA(NOME_AZIENDA,SERVIZI,FATTURATO,TELEFONO_AZIENDA) values('BURGER_KING','RISTORAZIONE','4','8684103295');
insert into AZIENDA(NOME_AZIENDA,SERVIZI,FATTURATO,TELEFONO_AZIENDA) values('CHICCO','INFANZIA','1','4583162975');
insert into AZIENDA(NOME_AZIENDA,SERVIZI,FATTURATO,TELEFONO_AZIENDA) values('IKEA','ARREDAMENTO','41','5681237410');
insert into AZIENDA(NOME_AZIENDA,SERVIZI,FATTURATO,TELEFONO_AZIENDA) values('CANON','FOTOGRAFIA','4','9513574620');
insert into AZIENDA(NOME_AZIENDA,SERVIZI,FATTURATO,TELEFONO_AZIENDA) values('ORACLE','INFORMATICA','39','5852017930');
insert into AZIENDA(NOME_AZIENDA,SERVIZI,FATTURATO,TELEFONO_AZIENDA) values('FERRARI','AUTOMOBILISTICO','3','2574398064');
insert into AZIENDA(NOME_AZIENDA,SERVIZI,FATTURATO,TELEFONO_AZIENDA) values('GUCCI','MODA','7','1835479662');
insert into AZIENDA(NOME_AZIENDA,SERVIZI,FATTURATO,TELEFONO_AZIENDA) values('BARILLA','ALIMENTARE','3','2236755118');
insert into AZIENDA(NOME_AZIENDA,SERVIZI,FATTURATO,TELEFONO_AZIENDA) values('COCA_COLA_COMPANY','ALIMENTARE','1','800900314');
insert into AZIENDA(NOME_AZIENDA,SERVIZI,FATTURATO,TELEFONO_AZIENDA) values('HEINEKEN','ALIMENTARE','21','124088009');
insert into AZIENDA(NOME_AZIENDA,SERVIZI,FATTURATO,TELEFONO_AZIENDA) values('FERRERO','ALIMENTARE','11','357953694');
insert into AZIENDA(NOME_AZIENDA,SERVIZI,FATTURATO,TELEFONO_AZIENDA) values('FCA','AUTOMOBILISTICO','108','312246587');
insert into AZIENDA(NOME_AZIENDA,SERVIZI,FATTURATO,TELEFONO_AZIENDA) values('HP','INFORMATICA','58','9527346672');
insert into AZIENDA(NOME_AZIENDA,SERVIZI,FATTURATO,TELEFONO_AZIENDA) values('PEPSICO','ALIMENTARE','63','8273619281');
--CLIENTI
insert into CLIENTE(REDDITO,CARTA_DI_CREDITO,EMAIL_C,NOME_A) values('3247','5108138578733628','ktzcct95r56c104f@mailstop.it','MCDONALD');
insert into CLIENTE(REDDITO,CARTA_DI_CREDITO,EMAIL_C,NOME_A) values('2552','5108134788152538','chndnl97d26a229q@mailstop.it','BURGER_KING');
insert into CLIENTE(REDDITO,CARTA_DI_CREDITO,EMAIL_C,NOME_A) values('4789','5108137588833637','zcclst44r21l975r@mailstop.it','CHICCO');
insert into CLIENTE(REDDITO,CARTA_DI_CREDITO,EMAIL_C,NOME_A) values('4815','5108134256376675','drtrfo77b16d706b@mailstop.it','IKEA');
insert into CLIENTE(REDDITO,CARTA_DI_CREDITO,EMAIL_C,NOME_A) values('1622','5108134141578664','vpngrg86h57h976x@mailstop.it','CANON');
insert into CLIENTE(REDDITO,CARTA_DI_CREDITO,EMAIL_C,NOME_A) values('6136','5108133762454212','pncgpr84p28e510j@mailstop.it','ORACLE');
insert into CLIENTE(REDDITO,CARTA_DI_CREDITO,EMAIL_C,NOME_A) values('4742','5108134647486746','nnrvrn38e17l492d@mailstop.it','FERRARI');
insert into CLIENTE(REDDITO,CARTA_DI_CREDITO,EMAIL_C,NOME_A) values('1400','5108135218345267','ptrpgv72h14e754g@mailstop.it','GUCCI');
insert into CLIENTE(REDDITO,CARTA_DI_CREDITO,EMAIL_C,NOME_A) values('1803','5108137718787234','cgnmxa55p30b611g@mailstop.it','BARILLA');
insert into CLIENTE(REDDITO,CARTA_DI_CREDITO,EMAIL_C,NOME_A) values('9702','5108137137352686','sscmso64m05e402l@mailstop.it','COCA_COLA_COMPANY');
insert into CLIENTE(REDDITO,CARTA_DI_CREDITO,EMAIL_C,NOME_A) values('2312','5195340842533915','kknrzo48s13a690s@mailstop.it','HEINEKEN');
insert into CLIENTE(REDDITO,CARTA_DI_CREDITO,EMAIL_C,NOME_A) values('5077','5128466226379609','mrbttl31p07i903n@mailstop.it','FERRERO');
insert into CLIENTE(REDDITO,CARTA_DI_CREDITO,EMAIL_C,NOME_A) values('9914','5594067223721523','smbvcn92c05h565n@mailstop.it','FCA');
insert into CLIENTE(REDDITO,CARTA_DI_CREDITO,EMAIL_C,NOME_A) values('9639','5303505636680945','btnldn67r11l905q@mailstop.it','HP');
insert into CLIENTE(REDDITO,CARTA_DI_CREDITO,EMAIL_C,NOME_A) values('8613','5371112544768180','brbmcl32e42b298c@mailstop.it','PEPSICO');
--CONTO
insert into CONTO(COD_CONTO,BILANCIO,ADDEBITO,FEMAIL_C1) values('1','12000','1500','ktzcct95r56c104f@mailstop.it');
insert into CONTO(COD_CONTO,BILANCIO,ADDEBITO,FEMAIL_C1) values('2','1255750','87250','chndnl97d26a229q@mailstop.it');
insert into CONTO(COD_CONTO,BILANCIO,ADDEBITO,FEMAIL_C1) values('3','3455847','134755','zcclst44r21l975r@mailstop.it');
insert into CONTO(COD_CONTO,BILANCIO,ADDEBITO,FEMAIL_C1) values('4','223346789','34257288','drtrfo77b16d706b@mailstop.it');
insert into CONTO(COD_CONTO,BILANCIO,ADDEBITO,FEMAIL_C1) values('5','44212466','3647999','vpngrg86h57h976x@mailstop.it');
insert into CONTO(COD_CONTO,BILANCIO,ADDEBITO,FEMAIL_C1) values('6','37845913','23050','pncgpr84p28e510j@mailstop.it');
insert into CONTO(COD_CONTO,BILANCIO,ADDEBITO,FEMAIL_C1) values('7','414678233','23947370','nnrvrn38e17l492d@mailstop.it');
insert into CONTO(COD_CONTO,BILANCIO,ADDEBITO,FEMAIL_C1) values('8','50000000','25000','ptrpgv72h14e754g@mailstop.it');
insert into CONTO(COD_CONTO,BILANCIO,ADDEBITO,FEMAIL_C1) values('9','8760000','420000','cgnmxa55p30b611g@mailstop.it');
insert into CONTO(COD_CONTO,BILANCIO,ADDEBITO,FEMAIL_C1) values('10','43000000','800255','sscmso64m05e402l@mailstop.it');
insert into CONTO(COD_CONTO,BILANCIO,ADDEBITO,FEMAIL_C1) values('11','63250000','263710','kknrzo48s13a690s@mailstop.it');
insert into CONTO(COD_CONTO,BILANCIO,ADDEBITO,FEMAIL_C1) values('12','54697000','258456','mrbttl31p07i903n@mailstop.it');
insert into CONTO(COD_CONTO,BILANCIO,ADDEBITO,FEMAIL_C1) values('13','3345000','27035','smbvcn92c05h565n@mailstop.it');
insert into CONTO(COD_CONTO,BILANCIO,ADDEBITO,FEMAIL_C1) values('14','11850000','4800000','btnldn67r11l905q@mailstop.it');
insert into CONTO(COD_CONTO,BILANCIO,ADDEBITO,FEMAIL_C1) values('15','27850750','6002500','brbmcl32e42b298c@mailstop.it');
--FILIARE
insert into FILIALE(N_SEDI,NOME_FILIALE,EMAIL_FILIALE) values('86','hub','hub@gmail.com');
insert into FILIALE(N_SEDI,NOME_FILIALE,EMAIL_FILIALE) values('502','abi','abi@gmail.com');
insert into FILIALE(N_SEDI,NOME_FILIALE,EMAIL_FILIALE) values('618','cab','cab@gmail.com');
insert into FILIALE(N_SEDI,NOME_FILIALE,EMAIL_FILIALE) values('635','ag','ag@gmail.com');
insert into FILIALE(N_SEDI,NOME_FILIALE,EMAIL_FILIALE) values('1102','abaxbank','abaxbank@gmail.com');
insert into FILIALE(N_SEDI,NOME_FILIALE,EMAIL_FILIALE) values('1194','abn','abn@gmail.com');
insert into FILIALE(N_SEDI,NOME_FILIALE,EMAIL_FILIALE) values('1444','agrileasing','agrileasing@gmail.com');
insert into FILIALE(N_SEDI,NOME_FILIALE,EMAIL_FILIALE) values('1490','banken','banken@gmail.com');
insert into FILIALE(N_SEDI,NOME_FILIALE,EMAIL_FILIALE) values('1880','bankita','bankita@gmail.com');
insert into FILIALE(N_SEDI,NOME_FILIALE,EMAIL_FILIALE) values('1909','bankde','bankde@gmail.com');
insert into FILIALE(N_SEDI,NOME_FILIALE,EMAIL_FILIALE) values('1975','bankho','bankho@gmail.com');
insert into FILIALE(N_SEDI,NOME_FILIALE,EMAIL_FILIALE) values('2056','banklu','banklu@gmail.com');
insert into FILIALE(N_SEDI,NOME_FILIALE,EMAIL_FILIALE) values('2226','bankpo','bankpo@gmail.com');
insert into FILIALE(N_SEDI,NOME_FILIALE,EMAIL_FILIALE) values('2854','bankip','bankip@gmail.com');
insert into FILIALE(N_SEDI,NOME_FILIALE,EMAIL_FILIALE) values('2934','banklip','banklip@gmail.com');
--DIPENDENTE
insert into DIPENDENTE(NUMERO_TESSERINO,NOME_F,EMAIL_D) values('00001','hub','bttgtn72h03d062u@mailstop.it');
insert into DIPENDENTE(NUMERO_TESSERINO,NOME_F,EMAIL_D) values('00002','hub','indirizzamento55@mailstop.it');
insert into DIPENDENTE(NUMERO_TESSERINO,NOME_F,EMAIL_D) values('00003','hub','manfredifavactor@mailstop.it');
insert into DIPENDENTE(NUMERO_TESSERINO,NOME_F,EMAIL_D) values('00004','hub','markbesthusbando@mailstop.it');
insert into DIPENDENTE(NUMERO_TESSERINO,NOME_F,EMAIL_D) values('00005','abi','ljrnci44e02a633v@mailstop.it');
insert into DIPENDENTE(NUMERO_TESSERINO,NOME_F,EMAIL_D) values('00006','abi','noce369@mailstop.it');
insert into DIPENDENTE(NUMERO_TESSERINO,NOME_F,EMAIL_D) values('00007','abi','shinobimaster@mailstop.it');
insert into DIPENDENTE(NUMERO_TESSERINO,NOME_F,EMAIL_D) values('00008','abi','terzoinall@mailstop.it');
insert into DIPENDENTE(NUMERO_TESSERINO,NOME_F,EMAIL_D) values('00009','cab','bsrcll98p48f843d@mailstop.it');
insert into DIPENDENTE(NUMERO_TESSERINO,NOME_F,EMAIL_D) values('00010','cab','panettone25@mailstop.it');
insert into DIPENDENTE(NUMERO_TESSERINO,NOME_F,EMAIL_D) values('00011','cab','clementinabestfruit@mailstop.it');
insert into DIPENDENTE(NUMERO_TESSERINO,NOME_F,EMAIL_D) values('00012','cab','drunkireland@mailstop.it');
insert into DIPENDENTE(NUMERO_TESSERINO,NOME_F,EMAIL_D) values('00013','ag','scpmln00t66e609s@mailstop.it');
insert into DIPENDENTE(NUMERO_TESSERINO,NOME_F,EMAIL_D) values('00014','ag','naruhoto136@mailstop.it');
insert into DIPENDENTE(NUMERO_TESSERINO,NOME_F,EMAIL_D) values('00015','ag','monteruino@mailstop.it');
insert into DIPENDENTE(NUMERO_TESSERINO,NOME_F,EMAIL_D) values('00016','ag','eleonoraboy@mailstop.it');
insert into DIPENDENTE(NUMERO_TESSERINO,NOME_F,EMAIL_D) values('00017','abaxbank','blcsbn38t10a960c@mailstop.it');
insert into DIPENDENTE(NUMERO_TESSERINO,NOME_F,EMAIL_D) values('00018','abaxbank','telenovelaspagnolebeautiful50@mailstop.it');
insert into DIPENDENTE(NUMERO_TESSERINO,NOME_F,EMAIL_D) values('00019','abaxbank','loliconlover69@mailstop.it');
insert into DIPENDENTE(NUMERO_TESSERINO,NOME_F,EMAIL_D) values('00020','abaxbank','superpasqualone@mailstop.it');
insert into DIPENDENTE(NUMERO_TESSERINO,NOME_F,EMAIL_D) values('00021','abn','vittoriagenovesina55@mailstop.it');
insert into DIPENDENTE(NUMERO_TESSERINO,NOME_F,EMAIL_D) values('00022','abn','malaga2@mailstop.it');
insert into DIPENDENTE(NUMERO_TESSERINO,NOME_F,EMAIL_D) values('00023','abn','florencemeat55@mailstop.it');
insert into DIPENDENTE(NUMERO_TESSERINO,NOME_F,EMAIL_D) values('00024','abn','nonsonograziosa@mailstop.it');
insert into DIPENDENTE(NUMERO_TESSERINO,NOME_F,EMAIL_D) values('00025','agrileasing','giudicemazzinga89@mailstop.it');
insert into DIPENDENTE(NUMERO_TESSERINO,NOME_F,EMAIL_D) values('00026','agrileasing','emilianobologna@mailstop.it');
insert into DIPENDENTE(NUMERO_TESSERINO,NOME_F,EMAIL_D) values('00027','agrileasing','isaacserafino@mailstop.it');
insert into DIPENDENTE(NUMERO_TESSERINO,NOME_F,EMAIL_D) values('00028','agrileasing','rizzoli123@mailstop.it');
insert into DIPENDENTE(NUMERO_TESSERINO,NOME_F,EMAIL_D) values('00029','banken','palermobestsquad@mailstop.it');
insert into DIPENDENTE(NUMERO_TESSERINO,NOME_F,EMAIL_D) values('00030','banken','agostobestmese@mailstop.it');
insert into DIPENDENTE(NUMERO_TESSERINO,NOME_F,EMAIL_D) values('00031','banken','facundoroncaglia2@mailstop.it');
insert into DIPENDENTE(NUMERO_TESSERINO,NOME_F,EMAIL_D) values('00032','banken','ancoraman@mailstop.it');
insert into DIPENDENTE(NUMERO_TESSERINO,NOME_F,EMAIL_D) values('00033','bankita','emiliatoscana@mailstop.it');
insert into DIPENDENTE(NUMERO_TESSERINO,NOME_F,EMAIL_D) values('00034','bankita','melonichan@mailstop.it');
insert into DIPENDENTE(NUMERO_TESSERINO,NOME_F,EMAIL_D) values('00035','bankita','nekogirls5@mailstop.it');
insert into DIPENDENTE(NUMERO_TESSERINO,NOME_F,EMAIL_D) values('00036','bankita','adagio23@mailstop.it');
insert into DIPENDENTE(NUMERO_TESSERINO,NOME_F,EMAIL_D) values('00037','bankde','coccobello@mailstop.it');
insert into DIPENDENTE(NUMERO_TESSERINO,NOME_F,EMAIL_D) values('00038','bankde','padovanopalas@mailstop.it');
insert into DIPENDENTE(NUMERO_TESSERINO,NOME_F,EMAIL_D) values('00039','bankde','udinesewbrema@mailstop.it');
insert into DIPENDENTE(NUMERO_TESSERINO,NOME_F,EMAIL_D) values('00040','bankde','lokibestgod@mailstop.it');
insert into DIPENDENTE(NUMERO_TESSERINO,NOME_F,EMAIL_D) values('00041','bankho','greecebestfilm@mailstop.it');
insert into DIPENDENTE(NUMERO_TESSERINO,NOME_F,EMAIL_D) values('00042','bankho','boliderotto@mailstop.it');
insert into DIPENDENTE(NUMERO_TESSERINO,NOME_F,EMAIL_D) values('00043','bankho','barcelonamessi10@mailstop.it');
insert into DIPENDENTE(NUMERO_TESSERINO,NOME_F,EMAIL_D) values('00044','bankho','giornogiovanna@mailstop.it');
insert into DIPENDENTE(NUMERO_TESSERINO,NOME_F,EMAIL_D) values('00045','banklu','kakamilan@mailstop.it');
insert into DIPENDENTE(NUMERO_TESSERINO,NOME_F,EMAIL_D) values('00046','banklu','guildgirl@mailstop.it');
insert into DIPENDENTE(NUMERO_TESSERINO,NOME_F,EMAIL_D) values('00047','banklu','dionisiobestgg@mailstop.it');
insert into DIPENDENTE(NUMERO_TESSERINO,NOME_F,EMAIL_D) values('00048','banklu','tartaruganinjasbarazzina@mailstop.it');
insert into DIPENDENTE(NUMERO_TESSERINO,NOME_F,EMAIL_D) values('00049','bankpo','blallo25@mailstop.it');
insert into DIPENDENTE(NUMERO_TESSERINO,NOME_F,EMAIL_D) values('00050','bankpo','baresixmilan@mailstop.it');
insert into DIPENDENTE(NUMERO_TESSERINO,NOME_F,EMAIL_D) values('00051','bankpo','ctitaliafin@mailstop.it');
insert into DIPENDENTE(NUMERO_TESSERINO,NOME_F,EMAIL_D) values('00052','bankpo','nocemoscata@mailstop.it');
insert into DIPENDENTE(NUMERO_TESSERINO,NOME_F,EMAIL_D) values('00053','bankip','nuora78@mailstop.it');
insert into DIPENDENTE(NUMERO_TESSERINO,NOME_F,EMAIL_D) values('00054','bankip','liezzasgocciola@mailstop.it');
insert into DIPENDENTE(NUMERO_TESSERINO,NOME_F,EMAIL_D) values('00055','bankip','diego10god@mailstop.it');
insert into DIPENDENTE(NUMERO_TESSERINO,NOME_F,EMAIL_D) values('00056','bankip','piazzattapiccola@mailstop.it');
insert into DIPENDENTE(NUMERO_TESSERINO,NOME_F,EMAIL_D) values('00057','banklip','mannaia41@mailstop.it');
insert into DIPENDENTE(NUMERO_TESSERINO,NOME_F,EMAIL_D) values('00058','banklip','panicuccibestdc@mailstop.it');
insert into DIPENDENTE(NUMERO_TESSERINO,NOME_F,EMAIL_D) values('00059','banklip','diamantimonreal@mailstop.it');
insert into DIPENDENTE(NUMERO_TESSERINO,NOME_F,EMAIL_D) values('00060','banklip','bestgymleader@mailstop.it');
--PUBBLICITA
insert into PUBBLICITA(NOME_PUBBLICITA,CANALE_TRASMISSIONE,DURATA_PUBBLICITA,NOME_FI) values('VETRINA','MANIFESTO','25','hub');
insert into PUBBLICITA(NOME_PUBBLICITA,CANALE_TRASMISSIONE,DURATA_PUBBLICITA,NOME_FI) values('POLITICO','DISCUSSIONE','30','abi');
insert into PUBBLICITA(NOME_PUBBLICITA,CANALE_TRASMISSIONE,DURATA_PUBBLICITA,NOME_FI) values('DIVANO','TELEVISIONE','20','cab');
insert into PUBBLICITA(NOME_PUBBLICITA,CANALE_TRASMISSIONE,DURATA_PUBBLICITA,NOME_FI) values('FUNZIONE','STATISTICA','10','ag');
insert into PUBBLICITA(NOME_PUBBLICITA,CANALE_TRASMISSIONE,DURATA_PUBBLICITA,NOME_FI) values('MERCATO','ANALISI','17','abaxbank');
insert into PUBBLICITA(NOME_PUBBLICITA,CANALE_TRASMISSIONE,DURATA_PUBBLICITA,NOME_FI) values('TERRA','PROPAGANDA','60','abn');
insert into PUBBLICITA(NOME_PUBBLICITA,CANALE_TRASMISSIONE,DURATA_PUBBLICITA,NOME_FI) values('SENTIRE','PAROLA','35','agrileasing');
insert into PUBBLICITA(NOME_PUBBLICITA,CANALE_TRASMISSIONE,DURATA_PUBBLICITA,NOME_FI) values('CITTA','MANIFESTO','55','banken');
insert into PUBBLICITA(NOME_PUBBLICITA,CANALE_TRASMISSIONE,DURATA_PUBBLICITA,NOME_FI) values('CASA','TELEVISIONE','44','bankita');
insert into PUBBLICITA(NOME_PUBBLICITA,CANALE_TRASMISSIONE,DURATA_PUBBLICITA,NOME_FI) values('IDEA','PASSA PAROLA','40','bankde');
insert into PUBBLICITA(NOME_PUBBLICITA,CANALE_TRASMISSIONE,DURATA_PUBBLICITA,NOME_FI) values('TASSE','SMARTPHONE','5','bankho');
insert into PUBBLICITA(NOME_PUBBLICITA,CANALE_TRASMISSIONE,DURATA_PUBBLICITA,NOME_FI) values('BANCA','POP','36','banklu');
insert into PUBBLICITA(NOME_PUBBLICITA,CANALE_TRASMISSIONE,DURATA_PUBBLICITA,NOME_FI) values('HOTEL','TELEVISIONE','59','bankpo');
insert into PUBBLICITA(NOME_PUBBLICITA,CANALE_TRASMISSIONE,DURATA_PUBBLICITA,NOME_FI) values('GIORNALE','INSERZIONE','79','bankip');
insert into PUBBLICITA(NOME_PUBBLICITA,CANALE_TRASMISSIONE,DURATA_PUBBLICITA,NOME_FI) values('SONDAGGIO','ANALISI','69','banklip');
--CONTABILE
insert into CONTABILE(EMAIL_CON,DOCUMENTAZIONE_CONTABILE) values('markbesthusbando@mailstop.it','documento di mcdonald');
insert into CONTABILE(EMAIL_CON,DOCUMENTAZIONE_CONTABILE) values('terzoinall@mailstop.it','documento di burger king');
insert into CONTABILE(EMAIL_CON,DOCUMENTAZIONE_CONTABILE) values('drunkireland@mailstop.it','documento di chicco');
insert into CONTABILE(EMAIL_CON,DOCUMENTAZIONE_CONTABILE) values('eleonoraboy@mailstop.it','documento di ikea');
insert into CONTABILE(EMAIL_CON,DOCUMENTAZIONE_CONTABILE) values('superpasqualone@mailstop.it','documento di canon');
insert into CONTABILE(EMAIL_CON,DOCUMENTAZIONE_CONTABILE) values('nonsonograziosa@mailstop.it','documento di oracle');
insert into CONTABILE(EMAIL_CON,DOCUMENTAZIONE_CONTABILE) values('rizzoli123@mailstop.it','documento di ferrari');
insert into CONTABILE(EMAIL_CON,DOCUMENTAZIONE_CONTABILE) values('ancoraman@mailstop.it','documento di gucci');
insert into CONTABILE(EMAIL_CON,DOCUMENTAZIONE_CONTABILE) values('adagio23@mailstop.it','documento di barilla');
insert into CONTABILE(EMAIL_CON,DOCUMENTAZIONE_CONTABILE) values('lokibestgod@mailstop.it','documento di coca cola');
insert into CONTABILE(EMAIL_CON,DOCUMENTAZIONE_CONTABILE) values('giornogiovanna@mailstop.it','documento di heineken');
insert into CONTABILE(EMAIL_CON,DOCUMENTAZIONE_CONTABILE) values('tartaruganinjasbarazzina@mailstop.it','documento di ferrero');
insert into CONTABILE(EMAIL_CON,DOCUMENTAZIONE_CONTABILE) values('nocemoscata@mailstop.it','documento di fca');
insert into CONTABILE(EMAIL_CON,DOCUMENTAZIONE_CONTABILE) values('piazzattapiccola@mailstop.it','documento di hp');
insert into CONTABILE(EMAIL_CON,DOCUMENTAZIONE_CONTABILE) values('bestgymleader@mailstop.it','documento di pepsico');
--ASSICURATORE
insert into ASSICURATORE(EMAIL_ASS,ANALISI_POLIZZA) values('indirizzamento55@mailstop.it','17024');
insert into ASSICURATORE(EMAIL_ASS,ANALISI_POLIZZA) values('noce369@mailstop.it','24040');
insert into ASSICURATORE(EMAIL_ASS,ANALISI_POLIZZA) values('panettone25@mailstop.it','99001');
insert into ASSICURATORE(EMAIL_ASS,ANALISI_POLIZZA) values('naruhoto136@mailstop.it','64523');
insert into ASSICURATORE(EMAIL_ASS,ANALISI_POLIZZA) values('telenovelaspagnolebeautiful50@mailstop.it','22470');
insert into ASSICURATORE(EMAIL_ASS,ANALISI_POLIZZA) values('malaga2@mailstop.it','51406');
insert into ASSICURATORE(EMAIL_ASS,ANALISI_POLIZZA) values('emilianobologna@mailstop.it','67900');
insert into ASSICURATORE(EMAIL_ASS,ANALISI_POLIZZA) values('agostobestmese@mailstop.it','93500');
insert into ASSICURATORE(EMAIL_ASS,ANALISI_POLIZZA) values('melonichan@mailstop.it','87436');
insert into ASSICURATORE(EMAIL_ASS,ANALISI_POLIZZA) values('padovanopalas@mailstop.it','40000');
insert into ASSICURATORE(EMAIL_ASS,ANALISI_POLIZZA) values('boliderotto@mailstop.it','13750');
insert into ASSICURATORE(EMAIL_ASS,ANALISI_POLIZZA) values('guildgirl@mailstop.it','32800');
insert into ASSICURATORE(EMAIL_ASS,ANALISI_POLIZZA) values('baresixmilan@mailstop.it','47950');
insert into ASSICURATORE(EMAIL_ASS,ANALISI_POLIZZA) values('liezzasgocciola@mailstop.it','53090');
insert into ASSICURATORE(EMAIL_ASS,ANALISI_POLIZZA) values('panicuccibestdc@mailstop.it','26860');
--GRUPPO_ASSISTENZA
insert into GRUPPO_ASSISTENZA(EMAIL_ASSI,ANALISI_RICHIESTA) values('manfredifavactor@mailstop.it','incendio');
insert into GRUPPO_ASSISTENZA(EMAIL_ASSI,ANALISI_RICHIESTA) values('shinobimaster@mailstop.it','terremoto');
insert into GRUPPO_ASSISTENZA(EMAIL_ASSI,ANALISI_RICHIESTA) values('clementinabestfruit@mailstop.it','eruzione');
insert into GRUPPO_ASSISTENZA(EMAIL_ASSI,ANALISI_RICHIESTA) values('monteruino@mailstop.it','tsunami');
insert into GRUPPO_ASSISTENZA(EMAIL_ASSI,ANALISI_RICHIESTA) values('loliconlover69@mailstop.it','furto');
insert into GRUPPO_ASSISTENZA(EMAIL_ASSI,ANALISI_RICHIESTA) values('florencemeat55@mailstop.it','danno');
insert into GRUPPO_ASSISTENZA(EMAIL_ASSI,ANALISI_RICHIESTA) values('isaacserafino@mailstop.it','terzi');
insert into GRUPPO_ASSISTENZA(EMAIL_ASSI,ANALISI_RICHIESTA) values('facundoroncaglia2@mailstop.it','cose');
insert into GRUPPO_ASSISTENZA(EMAIL_ASSI,ANALISI_RICHIESTA) values('nekogirls5@mailstop.it','gestione sinistri');
insert into GRUPPO_ASSISTENZA(EMAIL_ASSI,ANALISI_RICHIESTA) values('udinesewbrema@mailstop.it','danno');
insert into GRUPPO_ASSISTENZA(EMAIL_ASSI,ANALISI_RICHIESTA) values('barcelonamessi10@mailstop.it','danno biologico');
insert into GRUPPO_ASSISTENZA(EMAIL_ASSI,ANALISI_RICHIESTA) values('dionisiobestgg@mailstop.it','danno punitivo');
insert into GRUPPO_ASSISTENZA(EMAIL_ASSI,ANALISI_RICHIESTA) values('ctitaliafin@mailstop.it','danno fisico');
insert into GRUPPO_ASSISTENZA(EMAIL_ASSI,ANALISI_RICHIESTA) values('diego10god@mailstop.it','danno materiale');
insert into GRUPPO_ASSISTENZA(EMAIL_ASSI,ANALISI_RICHIESTA) values('diamantimonreal@mailstop.it','patrimoniale');
--BANCHIERE
insert into BANCHIERE(EMAIL_B,ASSISTENZA_OPERAZIONI) values('bttgtn72h03d062u@mailstop.it','assistenza alla clientela');
insert into BANCHIERE(EMAIL_B,ASSISTENZA_OPERAZIONI) values('ljrnci44e02a633v@mailstop.it','assistenza su servizi');
insert into BANCHIERE(EMAIL_B,ASSISTENZA_OPERAZIONI) values('bsrcll98p48f843d@mailstop.it','assistenza prodotti offerti dalla banca');
insert into BANCHIERE(EMAIL_B,ASSISTENZA_OPERAZIONI) values('scpmln00t66e609s@mailstop.it','assistenza proposta commerciale di prodotti bancari');
insert into BANCHIERE(EMAIL_B,ASSISTENZA_OPERAZIONI) values('blcsbn38t10a960c@mailstop.it','gestione cassa clientela');
insert into BANCHIERE(EMAIL_B,ASSISTENZA_OPERAZIONI) values('vittoriagenovesina55@mailstop.it','supporto attivita filiale');
insert into BANCHIERE(EMAIL_B,ASSISTENZA_OPERAZIONI) values('giudicemazzinga89@mailstop.it','Ricerche documentali e sistemazione di operazioni a seguito di reclami');
insert into BANCHIERE(EMAIL_B,ASSISTENZA_OPERAZIONI) values('palermobestsquad@mailstop.it','Attivita contabili di back office');
insert into BANCHIERE(EMAIL_B,ASSISTENZA_OPERAZIONI) values('emiliatoscana@mailstop.it','gestione cassa corrente');
insert into BANCHIERE(EMAIL_B,ASSISTENZA_OPERAZIONI) values('coccobello@mailstop.it','gestione bancomat');
insert into BANCHIERE(EMAIL_B,ASSISTENZA_OPERAZIONI) values('greecebestfilm@mailstop.it','servizi di sportello');
insert into BANCHIERE(EMAIL_B,ASSISTENZA_OPERAZIONI) values('kakamilan@mailstop.it','assistenza alla clientela');
insert into BANCHIERE(EMAIL_B,ASSISTENZA_OPERAZIONI) values('blallo25@mailstop.it','gestione bancomat');
insert into BANCHIERE(EMAIL_B,ASSISTENZA_OPERAZIONI) values('nuora78@mailstop.it','assistenza su servizi');
insert into BANCHIERE(EMAIL_B,ASSISTENZA_OPERAZIONI) values('mannaia41@mailstop.it','attivita contabili di back office');
--SCRITTURE_CONTABILI 
insert into SCRITTURE_CONTABILI(TIPO_S_C,DATA_SCRITTURA_ULTIMA,EMAIL_CONTA) values('libro dei soci',to_date('01/02/2010','dd/mm/yyyy'),'markbesthusbando@mailstop.it');
insert into SCRITTURE_CONTABILI(TIPO_S_C,DATA_SCRITTURA_ULTIMA,EMAIL_CONTA) values('libro delle obbligazioni',to_date('05/03/2011','dd/mm/yyyy'),'terzoinall@mailstop.it');
insert into SCRITTURE_CONTABILI(TIPO_S_C,DATA_SCRITTURA_ULTIMA,EMAIL_CONTA) values('libro delle adunanze',to_date('10/04/2012','dd/mm/yyyy'),'drunkireland@mailstop.it');
insert into SCRITTURE_CONTABILI(TIPO_S_C,DATA_SCRITTURA_ULTIMA,EMAIL_CONTA) values('libro degli assicuratori',to_date('15/05/2013','dd/mm/yyyy'),'eleonoraboy@mailstop.it');
insert into SCRITTURE_CONTABILI(TIPO_S_C,DATA_SCRITTURA_ULTIMA,EMAIL_CONTA) values('libro del colleggio',to_date('14/06/2014','dd/mm/yyyy'),'superpasqualone@mailstop.it');
insert into SCRITTURE_CONTABILI(TIPO_S_C,DATA_SCRITTURA_ULTIMA,EMAIL_CONTA) values('libro del revisore',to_date('16/07/2015','dd/mm/yyyy'),'nonsonograziosa@mailstop.it');
insert into SCRITTURE_CONTABILI(TIPO_S_C,DATA_SCRITTURA_ULTIMA,EMAIL_CONTA) values('libro giornala',to_date('18/08/2016','dd/mm/yyyy'),'rizzoli123@mailstop.it');
insert into SCRITTURE_CONTABILI(TIPO_S_C,DATA_SCRITTURA_ULTIMA,EMAIL_CONTA) values('libro inventari',to_date('20/09/2017','dd/mm/yyyy'),'ancoraman@mailstop.it');
insert into SCRITTURE_CONTABILI(TIPO_S_C,DATA_SCRITTURA_ULTIMA,EMAIL_CONTA) values('fascicolo',to_date('21/10/2018','dd/mm/yyyy'),'adagio23@mailstop.it');
insert into SCRITTURE_CONTABILI(TIPO_S_C,DATA_SCRITTURA_ULTIMA,EMAIL_CONTA) values('libro mastro',to_date('22/11/2019','dd/mm/yyyy'),'lokibestgod@mailstop.it');
insert into SCRITTURE_CONTABILI(TIPO_S_C,DATA_SCRITTURA_ULTIMA,EMAIL_CONTA) values('libro delle adunanze',to_date('25/12/2020','dd/mm/yyyy'),'giornogiovanna@mailstop.it');
insert into SCRITTURE_CONTABILI(TIPO_S_C,DATA_SCRITTURA_ULTIMA,EMAIL_CONTA) values('libro delle obbligazioni',to_date('14/01/2015','dd/mm/yyyy'),'tartaruganinjasbarazzina@mailstop.it');
insert into SCRITTURE_CONTABILI(TIPO_S_C,DATA_SCRITTURA_ULTIMA,EMAIL_CONTA) values('libro degli assicuratori',to_date('19/04/2017','dd/mm/yyyy'),'nocemoscata@mailstop.it');
insert into SCRITTURE_CONTABILI(TIPO_S_C,DATA_SCRITTURA_ULTIMA,EMAIL_CONTA) values('libro del revesore',to_date('15/09/2019','dd/mm/yyyy'),'piazzattapiccola@mailstop.it');
insert into SCRITTURE_CONTABILI(TIPO_S_C,DATA_SCRITTURA_ULTIMA,EMAIL_CONTA) values('libro inventari',to_date('13/05/2018','dd/mm/yyyy'),'bestgymleader@mailstop.it');
--ASSICURAZIONE
insert into ASSICURAZIONE(NOME_A,DATA,EMAIL_A,EMAIL_CL) values('bagaglio',to_date('05/01/2008','dd/mm/yyyy'),'indirizzamento55@mailstop.it','ktzcct95r56c104f@mailstop.it');
insert into ASSICURAZIONE(NOME_A,DATA,EMAIL_A,EMAIL_CL) values('equitazione',to_date('10/02/2009','dd/mm/yyyy'),'noce369@mailstop.it','chndnl97d26a229q@mailstop.it');
insert into ASSICURAZIONE(NOME_A,DATA,EMAIL_A,EMAIL_CL) values('graffio',to_date('11/03/2010','dd/mm/yyyy'),'panettone25@mailstop.it','zcclst44r21l975r@mailstop.it');
insert into ASSICURAZIONE(NOME_A,DATA,EMAIL_A,EMAIL_CL) values('pillola',to_date('21/04/2011','dd/mm/yyyy'),'naruhoto136@mailstop.it','drtrfo77b16d706b@mailstop.it');
insert into ASSICURAZIONE(NOME_A,DATA,EMAIL_A,EMAIL_CL) values('analisi',to_date('14/05/2012','dd/mm/yyyy'),'telenovelaspagnolebeautiful50@mailstop.it','vpngrg86h57h976x@mailstop.it');
insert into ASSICURAZIONE(NOME_A,DATA,EMAIL_A,EMAIL_CL) values('professione',to_date('17/06/2013','dd/mm/yyyy'),'malaga2@mailstop.it','pncgpr84p28e510j@mailstop.it');
insert into ASSICURAZIONE(NOME_A,DATA,EMAIL_A,EMAIL_CL) values('motivo',to_date('24/07/2014','dd/mm/yyyy'),'emilianobologna@mailstop.it','nnrvrn38e17l492d@mailstop.it');
insert into ASSICURAZIONE(NOME_A,DATA,EMAIL_A,EMAIL_CL) values('respiro',to_date('23/08/2015','dd/mm/yyyy'),'agostobestmese@mailstop.it','ptrpgv72h14e754g@mailstop.it');
insert into ASSICURAZIONE(NOME_A,DATA,EMAIL_A,EMAIL_CL) values('genitali',to_date('21/09/2016','dd/mm/yyyy'),'melonichan@mailstop.it','cgnmxa55p30b611g@mailstop.it');
insert into ASSICURAZIONE(NOME_A,DATA,EMAIL_A,EMAIL_CL) values('tuffo',to_date('15/10/2017','dd/mm/yyyy'),'padovanopalas@mailstop.it','sscmso64m05e402l@mailstop.it');
insert into ASSICURAZIONE(NOME_A,DATA,EMAIL_A,EMAIL_CL) values('pericolo',to_date('12/11/2018','dd/mm/yyyy'),'boliderotto@mailstop.it','kknrzo48s13a690s@mailstop.it');
insert into ASSICURAZIONE(NOME_A,DATA,EMAIL_A,EMAIL_CL) values('portatile',to_date('18/12/2019','dd/mm/yyyy'),'guildgirl@mailstop.it','mrbttl31p07i903n@mailstop.it');
insert into ASSICURAZIONE(NOME_A,DATA,EMAIL_A,EMAIL_CL) values('deviare',to_date('14/05/2020','dd/mm/yyyy'),'baresixmilan@mailstop.it','smbvcn92c05h565n@mailstop.it');
insert into ASSICURAZIONE(NOME_A,DATA,EMAIL_A,EMAIL_CL) values('difesa',to_date('12/04/2015','dd/mm/yyyy'),'liezzasgocciola@mailstop.it','btnldn67r11l905q@mailstop.it');
insert into ASSICURAZIONE(NOME_A,DATA,EMAIL_A,EMAIL_CL) values('sport',to_date('02/09/2011','dd/mm/yyyy'),'panicuccibestdc@mailstop.it','brbmcl32e42b298c@mailstop.it');
--SUPPORTO
insert into SUPPORTO(NUMERO_PROTOCOLLO,TIPO_PROBLEMA,EMAIL_CLI) values('0001','crash','ktzcct95r56c104f@mailstop.it');
insert into SUPPORTO(NUMERO_PROTOCOLLO,TIPO_PROBLEMA,EMAIL_CLI) values('0002','bug','chndnl97d26a229q@mailstop.it');
insert into SUPPORTO(NUMERO_PROTOCOLLO,TIPO_PROBLEMA,EMAIL_CLI) values('0003','copyright','zcclst44r21l975r@mailstop.it');
insert into SUPPORTO(NUMERO_PROTOCOLLO,TIPO_PROBLEMA,EMAIL_CLI) values('0004','hackeraggaio','drtrfo77b16d706b@mailstop.it');
insert into SUPPORTO(NUMERO_PROTOCOLLO,TIPO_PROBLEMA,EMAIL_CLI) values('0005','perdita di dati','vpngrg86h57h976x@mailstop.it');
insert into SUPPORTO(NUMERO_PROTOCOLLO,TIPO_PROBLEMA,EMAIL_CLI) values('0006','linea internet','pncgpr84p28e510j@mailstop.it');
insert into SUPPORTO(NUMERO_PROTOCOLLO,TIPO_PROBLEMA,EMAIL_CLI) values('0007','problemi tecnici','nnrvrn38e17l492d@mailstop.it');
insert into SUPPORTO(NUMERO_PROTOCOLLO,TIPO_PROBLEMA,EMAIL_CLI) values('0008','bitcoin','ptrpgv72h14e754g@mailstop.it');
insert into SUPPORTO(NUMERO_PROTOCOLLO,TIPO_PROBLEMA,EMAIL_CLI) values('0009','sistema operativo del cinese','cgnmxa55p30b611g@mailstop.it');
insert into SUPPORTO(NUMERO_PROTOCOLLO,TIPO_PROBLEMA,EMAIL_CLI) values('0010','virus','sscmso64m05e402l@mailstop.it');
insert into SUPPORTO(NUMERO_PROTOCOLLO,TIPO_PROBLEMA,EMAIL_CLI) values('0011','problemi cpu','kknrzo48s13a690s@mailstop.it');
insert into SUPPORTO(NUMERO_PROTOCOLLO,TIPO_PROBLEMA,EMAIL_CLI) values('0012','problemi ram','mrbttl31p07i903n@mailstop.it');
insert into SUPPORTO(NUMERO_PROTOCOLLO,TIPO_PROBLEMA,EMAIL_CLI) values('0013','problemi rom','smbvcn92c05h565n@mailstop.it');
insert into SUPPORTO(NUMERO_PROTOCOLLO,TIPO_PROBLEMA,EMAIL_CLI) values('0014','attaco ddos','btnldn67r11l905q@mailstop.it');
insert into SUPPORTO(NUMERO_PROTOCOLLO,TIPO_PROBLEMA,EMAIL_CLI) values('0015','man in the middle','brbmcl32e42b298c@mailstop.it');
--OPERAZIONE
insert into OPERAZIONE(FEMAIL_B,FCOD_CONTO,ID_OPERAZIONE,CIFRA,DATA1,TIPO_OPERAZIONE) values('bttgtn72h03d062u@mailstop.it','1','0001','3751',to_date('10/01/2000','dd/mm/yyyy'),'DEPOSITO');
insert into OPERAZIONE(FEMAIL_B,FCOD_CONTO,ID_OPERAZIONE,CIFRA,DATA1,TIPO_OPERAZIONE) values('ljrnci44e02a633v@mailstop.it','2','0002','8790',to_date('15/02/2001','dd/mm/yyyy'),'PRESTITO');
insert into OPERAZIONE(FEMAIL_B,FCOD_CONTO,ID_OPERAZIONE,CIFRA,DATA1,TIPO_OPERAZIONE) values('bsrcll98p48f843d@mailstop.it','3','0003','3233',to_date('17/03/2002','dd/mm/yyyy'),'TRANSAZIONE');
insert into OPERAZIONE(FEMAIL_B,FCOD_CONTO,ID_OPERAZIONE,CIFRA,DATA1,TIPO_OPERAZIONE) values('scpmln00t66e609s@mailstop.it','4','0004','2004',to_date('20/04/2003','dd/mm/yyyy'),'DEPOSITO');
insert into OPERAZIONE(FEMAIL_B,FCOD_CONTO,ID_OPERAZIONE,CIFRA,DATA1,TIPO_OPERAZIONE) values('blcsbn38t10a960c@mailstop.it','5','0005','7688',to_date('25/05/2004','dd/mm/yyyy'),'PRESTITO');
insert into OPERAZIONE(FEMAIL_B,FCOD_CONTO,ID_OPERAZIONE,CIFRA,DATA1,TIPO_OPERAZIONE) values('vittoriagenovesina55@mailstop.it','6','0006','6088',to_date('16/06/2005','dd/mm/yyyy'),'TRANSAZIONE');
insert into OPERAZIONE(FEMAIL_B,FCOD_CONTO,ID_OPERAZIONE,CIFRA,DATA1,TIPO_OPERAZIONE) values('giudicemazzinga89@mailstop.it','7','0007','3815',to_date('09/07/2006','dd/mm/yyyy'),'DEPOSITO');
insert into OPERAZIONE(FEMAIL_B,FCOD_CONTO,ID_OPERAZIONE,CIFRA,DATA1,TIPO_OPERAZIONE) values('palermobestsquad@mailstop.it','8','0008','8050',to_date('04/08/2007','dd/mm/yyyy'),'PRESTITO');
insert into OPERAZIONE(FEMAIL_B,FCOD_CONTO,ID_OPERAZIONE,CIFRA,DATA1,TIPO_OPERAZIONE) values('emiliatoscana@mailstop.it','9','0009','6575',to_date('07/09/2008','dd/mm/yyyy'),'TRANSAZIONE');
insert into OPERAZIONE(FEMAIL_B,FCOD_CONTO,ID_OPERAZIONE,CIFRA,DATA1,TIPO_OPERAZIONE) values('coccobello@mailstop.it','10','0010','4308',to_date('03/10/2009','dd/mm/yyyy'),'DEPOSITO');
insert into OPERAZIONE(FEMAIL_B,FCOD_CONTO,ID_OPERAZIONE,CIFRA,DATA1,TIPO_OPERAZIONE) values('greecebestfilm@mailstop.it','11','0011','4026',to_date('01/11/2010','dd/mm/yyyy'),'PRESTITO');
insert into OPERAZIONE(FEMAIL_B,FCOD_CONTO,ID_OPERAZIONE,CIFRA,DATA1,TIPO_OPERAZIONE) values('kakamilan@mailstop.it','12','0012','9102',to_date('08/12/2011','dd/mm/yyyy'),'TRANSAZIONE');
insert into OPERAZIONE(FEMAIL_B,FCOD_CONTO,ID_OPERAZIONE,CIFRA,DATA1,TIPO_OPERAZIONE) values('blallo25@mailstop.it','13','0013','4568',to_date('26/05/2012','dd/mm/yyyy'),'DEPOSITO');
insert into OPERAZIONE(FEMAIL_B,FCOD_CONTO,ID_OPERAZIONE,CIFRA,DATA1,TIPO_OPERAZIONE) values('nuora78@mailstop.it','14','0014','3013',to_date('17/09/2013','dd/mm/yyyy'),'PRESTITO');
insert into OPERAZIONE(FEMAIL_B,FCOD_CONTO,ID_OPERAZIONE,CIFRA,DATA1,TIPO_OPERAZIONE) values('mannaia41@mailstop.it','15','0015','5113',to_date('15/03/2014','dd/mm/yyyy'),'TRANSAZIONE');
--DEPOSITO
insert into DEPOSITO(SERVIZIO_DI_CASSA,TIPO_DEPOSITO,ID_OPERAZIONE3) values('pagamento','liberi','0001');
insert into DEPOSITO(SERVIZIO_DI_CASSA,TIPO_DEPOSITO,ID_OPERAZIONE3) values('riscossione delle tasse','vincolato','0004');
insert into DEPOSITO(SERVIZIO_DI_CASSA,TIPO_DEPOSITO,ID_OPERAZIONE3) values('custodia dei titoli','semplice','0007');
insert into DEPOSITO(SERVIZIO_DI_CASSA,TIPO_DEPOSITO,ID_OPERAZIONE3) values('incoerenza','a risparmio','0010');
insert into DEPOSITO(SERVIZIO_DI_CASSA,TIPO_DEPOSITO,ID_OPERAZIONE3) values('liquidita','rimborsabile a vista','0013');
--PRESTITO
insert into PRESTITO(PROVA_GARANZIA,DURATA_PRESTITO,ID_OPERAZIONE1) values('SI','1','0002');
insert into PRESTITO(PROVA_GARANZIA,DURATA_PRESTITO,ID_OPERAZIONE1) values('SI','2','0005');
insert into PRESTITO(PROVA_GARANZIA,DURATA_PRESTITO,ID_OPERAZIONE1) values('SI','3','0008');
insert into PRESTITO(PROVA_GARANZIA,DURATA_PRESTITO,ID_OPERAZIONE1) values('NO','4','0011');
insert into PRESTITO(PROVA_GARANZIA,DURATA_PRESTITO,ID_OPERAZIONE1) values('SI','5','0014');
--TRANSAZIONE
insert into TRANSAZIONE(MODALITA_PAGAMENTO,MODALITA_TRANSAZIONE,POLIZZA,ID_OPERAZIONE2) values('CASH','mista','auto','0003');
insert into TRANSAZIONE(MODALITA_PAGAMENTO,MODALITA_TRANSAZIONE,POLIZZA,ID_OPERAZIONE2) values('PAYPAL','pura','morte','0006');
insert into TRANSAZIONE(MODALITA_PAGAMENTO,MODALITA_TRANSAZIONE,POLIZZA,ID_OPERAZIONE2) values('CASH','pura','malattia','0009');
insert into TRANSAZIONE(MODALITA_PAGAMENTO,MODALITA_TRANSAZIONE,POLIZZA,ID_OPERAZIONE2) values('PAYPAL','mista','sport','0012');
insert into TRANSAZIONE(MODALITA_PAGAMENTO,MODALITA_TRANSAZIONE,POLIZZA,ID_OPERAZIONE2) values('CASH','pura','previdenza','0015');
